age,income,loan_amount,income_to_loan_ratio
25,50000.0,12000.0,4.166319473377219
40,75000.0,20000.0,3.7498125093745314
30,60000.0,15000.0,3.999733351109926
